DATE,ALLLCBW027SBOG
1985-04-03,17.1371
1985-04-10,17.0733
1985-04-17,16.9235
1985-04-24,17.0403
1985-05-01,16.9923
1985-05-08,17.1713
1985-05-15,17.2284
1985-05-22,17.5904
1985-05-29,17.1932
1985-06-05,17.2871
1985-06-12,17.6582
1985-06-19,17.9054
1985-06-26,17.9069
1985-07-03,17.5004
1985-07-10,18.226
1985-07-17,18.4001
1985-07-24,18.7322
1985-07-31,18.8078
1985-08-07,18.8388
1985-08-14,18.8736
1985-08-21,18.911
1985-08-28,18.8943
1985-09-04,18.9559
1985-09-11,19.0268
1985-09-18,19.0794
1985-09-25,19.1413
1985-10-02,19.1223
1985-10-09,19.1855
1985-10-16,19.2674
1985-10-23,19.4056
1985-10-30,19.4208
1985-11-06,19.565
1985-11-13,19.7241
1985-11-20,19.641
1985-11-27,19.6059
1985-12-04,19.7798
1985-12-11,19.8562
1985-12-18,19.9627
1985-12-25,20.0694
1986-01-01,20.2568
1986-01-08,20.2502
1986-01-15,20.2824
1986-01-22,20.3458
1986-01-29,20.3727
1986-02-05,20.4738
1986-02-12,20.5726
1986-02-19,20.6264
1986-02-26,20.7416
1986-03-05,20.8337
1986-03-12,20.9201
1986-03-19,20.9502
1986-03-26,21.0445
1986-04-02,21.2776
1986-04-09,21.451
1986-04-16,21.6202
1986-04-23,21.769
1986-04-30,21.82
1986-05-07,21.8874
1986-05-14,21.9354
1986-05-21,22.2284
1986-05-28,22.0039
1986-06-04,21.9633
1986-06-11,22.3975
1986-06-18,22.5296
1986-06-25,22.5661
1986-07-02,22.3801
1986-07-09,22.8821
1986-07-16,23.0557
1986-07-23,23.2355
1986-07-30,23.4173
1986-08-06,23.6046
1986-08-13,23.6011
1986-08-20,23.5951
1986-08-27,23.636
1986-09-03,23.6325
1986-09-10,23.7108
1986-09-17,23.7143
1986-09-24,23.902
1986-10-01,23.7576
1986-10-08,23.8025
1986-10-15,24.0535
1986-10-22,24.2118
1986-10-29,24.255
1986-11-05,24.4422
1986-11-12,24.4202
1986-11-19,24.4001
1986-11-26,24.4401
1986-12-03,24.7079
1986-12-10,24.7043
1986-12-17,24.8801
1986-12-24,24.7491
1986-12-31,25.0899
1987-01-07,25.3058
1987-01-14,25.3703
1987-01-21,25.3361
1987-01-28,25.3866
1987-02-04,25.4602
1987-02-11,25.5678
1987-02-18,25.5869
1987-02-25,25.65
1987-03-04,25.732
1987-03-11,25.8124
1987-03-18,25.831
1987-03-25,25.9545
1987-04-01,25.9553
1987-04-08,26.0714
1987-04-15,26.0694
1987-04-22,26.0693
1987-04-29,25.9451
1987-05-06,26.0337
1987-05-13,26.1518
1987-05-20,26.51
1987-05-27,27.9784
1987-06-03,31.1369
1987-06-10,31.6582
1987-06-17,34.0952
1987-06-24,35.4602
1987-07-01,41.5947
1987-07-08,42.1635
1987-07-15,42.6894
1987-07-22,42.9275
1987-07-29,43.2105
1987-08-05,43.1909
1987-08-12,43.1522
1987-08-19,43.0339
1987-08-26,43.0274
1987-09-02,42.8261
1987-09-09,42.8867
1987-09-16,42.8301
1987-09-23,43.2299
1987-09-30,42.901
1987-10-07,42.5304
1987-10-14,42.9728
1987-10-21,43.0728
1987-10-28,43.2017
1987-11-04,43.0467
1987-11-11,42.8941
1987-11-18,42.8531
1987-11-25,42.6315
1987-12-02,42.7938
1987-12-09,42.6372
1987-12-16,42.8825
1987-12-23,42.7135
1987-12-30,43.249
1988-01-06,44.7973
1988-01-13,44.7007
1988-01-20,44.665
1988-01-27,44.5243
1988-02-03,44.4429
1988-02-10,44.3101
1988-02-17,44.2368
1988-02-24,44.2285
1988-03-02,44.032
1988-03-09,43.9487
1988-03-16,43.9976
1988-03-23,44.2858
1988-03-30,44.7413
1988-04-06,45.2885
1988-04-13,45.1723
1988-04-20,45.2661
1988-04-27,45.2042
1988-05-04,44.7479
1988-05-11,44.7768
1988-05-18,44.9476
1988-05-25,44.9799
1988-06-01,44.1442
1988-06-08,44.6149
1988-06-15,44.7166
1988-06-22,45.143
1988-06-29,44.0993
1988-07-06,44.1182
1988-07-13,44.736
1988-07-20,44.7885
1988-07-27,45.0846
1988-08-03,45.3032
1988-08-10,45.3964
1988-08-17,45.1812
1988-08-24,45.1042
1988-08-31,44.8623
1988-09-07,44.7801
1988-09-14,44.6827
1988-09-21,45.0709
1988-09-28,45.0866
1988-10-05,43.7782
1988-10-12,43.9015
1988-10-19,44.1921
1988-10-26,44.2749
1988-11-02,44.1187
1988-11-09,43.7591
1988-11-16,43.8238
1988-11-23,44.2045
1988-11-30,44.1202
1988-12-07,43.9756
1988-12-14,44.0759
1988-12-21,44.0634
1988-12-28,44.172
1989-01-04,41.1837
1989-01-11,41.1936
1989-01-18,41.0284
1989-01-25,41.2603
1989-02-01,41.2827
1989-02-08,41.1205
1989-02-15,41.183
1989-02-22,41.1917
1989-03-01,41.0747
1989-03-08,40.8754
1989-03-15,40.9672
1989-03-22,40.8902
1989-03-29,40.5838
1989-04-05,40.6255
1989-04-12,40.4477
1989-04-19,40.5235
1989-04-26,40.6521
1989-05-03,40.4825
1989-05-10,40.4625
1989-05-17,40.5579
1989-05-24,40.726
1989-05-31,40.2139
1989-06-07,40.5309
1989-06-14,40.669
1989-06-21,40.8897
1989-06-28,40.5584
1989-07-05,40.2834
1989-07-12,40.517
1989-07-19,40.5108
1989-07-26,40.6321
1989-08-02,40.502
1989-08-09,40.485
1989-08-16,40.3139
1989-08-23,40.3399
1989-08-30,39.9448
1989-09-06,39.8515
1989-09-13,39.7713
1989-09-20,40.0457
1989-09-27,41.0629
1989-10-04,46.1442
1989-10-11,46.9385
1989-10-18,47.5233
1989-10-25,47.6611
1989-11-01,47.3896
1989-11-08,47.0313
1989-11-15,47.0502
1989-11-22,46.9152
1989-11-29,46.7939
1989-12-06,46.8669
1989-12-13,47.103
1989-12-20,47.0982
1989-12-27,47.0736
1990-01-03,47.1127
1990-01-10,46.6898
1990-01-17,46.6568
1990-01-24,47.0266
1990-01-31,46.7134
1990-02-07,46.5839
1990-02-14,46.6506
1990-02-21,46.6941
1990-02-28,46.487
1990-03-07,46.3438
1990-03-14,46.4321
1990-03-21,46.5006
1990-03-28,46.4799
1990-04-04,45.9066
1990-04-11,46.1343
1990-04-18,46.1208
1990-04-25,46.2699
1990-05-02,46.0663
1990-05-09,46.0469
1990-05-16,46.1518
1990-05-23,46.2756
1990-05-30,45.7257
1990-06-06,45.476
1990-06-13,45.6461
1990-06-20,45.7677
1990-06-27,45.6373
1990-07-04,44.3762
1990-07-11,44.7466
1990-07-18,44.7986
1990-07-25,44.9655
1990-08-01,44.7336
1990-08-08,44.5436
1990-08-15,44.3905
1990-08-22,44.2889
1990-08-29,44.3537
1990-09-05,44.0502
1990-09-12,43.9165
1990-09-19,43.9872
1990-09-26,44.232
1990-10-03,44.0665
1990-10-10,44.762
1990-10-17,45.6018
1990-10-24,45.7796
1990-10-31,46.1076
1990-11-07,45.7682
1990-11-14,45.7702
1990-11-21,45.8209
1990-11-28,45.7983
1990-12-05,45.7247
1990-12-12,45.7591
1990-12-19,45.7596
1990-12-26,45.8786
1991-01-02,46.6748
1991-01-09,47.3649
1991-01-16,47.5422
1991-01-23,47.7653
1991-01-30,47.6491
1991-02-06,47.5738
1991-02-13,46.567
1991-02-20,46.5409
1991-02-27,46.4576
1991-03-06,46.5045
1991-03-13,46.5368
1991-03-20,46.504
1991-03-27,46.7341
1991-04-03,46.9117
1991-04-10,47.1827
1991-04-17,47.2486
1991-04-24,47.4629
1991-05-01,47.547
1991-05-08,47.1368
1991-05-15,46.5704
1991-05-22,46.5485
1991-05-29,46.3046
1991-06-05,46.3523
1991-06-12,46.5947
1991-06-19,46.6459
1991-06-26,46.5028
1991-07-03,46.0516
1991-07-10,46.7536
1991-07-17,46.7461
1991-07-24,46.9656
1991-07-31,47.2069
1991-08-07,47.1532
1991-08-14,47.0169
1991-08-21,46.9389
1991-08-28,46.8489
1991-09-04,47.1326
1991-09-11,47.1394
1991-09-18,47.184
1991-09-25,46.9917
1991-10-02,47.2608
1991-10-09,46.9032
1991-10-16,46.5563
1991-10-23,46.5899
1991-10-30,46.5936
1991-11-06,46.6916
1991-11-13,46.4851
1991-11-20,46.4683
1991-11-27,46.2628
1991-12-04,46.5127
1991-12-11,46.6127
1991-12-18,46.528
1991-12-25,46.3095
1992-01-01,46.6802
1992-01-08,46.7779
1992-01-15,46.7937
1992-01-22,46.7484
1992-01-29,46.5786
1992-02-05,46.7844
1992-02-12,46.8613
1992-02-19,46.857
1992-02-26,46.6991
1992-03-04,46.969
1992-03-11,46.9649
1992-03-18,46.8653
1992-03-25,46.8632
1992-04-01,46.8725
1992-04-08,47.0429
1992-04-15,47.3232
1992-04-22,46.8038
1992-04-29,46.6662
1992-05-06,46.9966
1992-05-13,47.0529
1992-05-20,47.0893
1992-05-27,46.9837
1992-06-03,47.1033
1992-06-10,47.2955
1992-06-17,47.3367
1992-06-24,47.1918
1992-07-01,46.8547
1992-07-08,47.3541
1992-07-15,47.4202
1992-07-22,47.4494
1992-07-29,47.351
1992-08-05,47.5263
1992-08-12,47.5736
1992-08-19,47.5331
1992-08-26,47.3885
1992-09-02,47.0065
1992-09-09,47.1213
1992-09-16,47.0981
1992-09-23,47.2241
1992-09-30,46.5535
1992-10-07,46.6487
1992-10-14,47.0281
1992-10-21,47.1688
1992-10-28,47.1977
1992-11-04,47.13
1992-11-11,46.9602
1992-11-18,46.9967
1992-11-25,46.8574
1992-12-02,46.8221
1992-12-09,46.8353
1992-12-16,46.891
1992-12-23,46.7418
1992-12-30,46.3422
1993-01-06,46.434
1993-01-13,46.561
1993-01-20,46.4408
1993-01-27,46.3241
1993-02-03,46.4316
1993-02-10,46.3845
1993-02-17,46.363
1993-02-24,46.3968
1993-03-03,46.4352
1993-03-10,46.2502
1993-03-17,46.2813
1993-03-24,46.3235
1993-03-31,46.2214
1993-04-07,46.2392
1993-04-14,46.2131
1993-04-21,46.1769
1993-04-28,46.0912
1993-05-05,46.1714
1993-05-12,46.082
1993-05-19,46.1414
1993-05-26,46.0913
1993-06-02,46.1952
1993-06-09,46.2168
1993-06-16,46.2653
1993-06-23,46.1226
1993-06-30,45.7702
1993-07-07,45.841
1993-07-14,45.7937
1993-07-21,45.7548
1993-07-28,45.7496
1993-08-04,45.829
1993-08-11,45.7738
1993-08-18,45.6862
1993-08-25,45.6676
1993-09-01,45.2906
1993-09-08,45.369
1993-09-15,45.4129
1993-09-22,45.5455
1993-09-29,45.5727
1993-10-06,45.1504
1993-10-13,45.3723
1993-10-20,45.4863
1993-10-27,45.4747
1993-11-03,45.4894
1993-11-10,45.2993
1993-11-17,45.2196
1993-11-24,45.1934
1993-12-01,45.1246
1993-12-08,45.0645
1993-12-15,45.1303
1993-12-22,45.0831
1993-12-29,44.9216
1994-01-05,44.7051
1994-01-12,44.5823
1994-01-19,44.5351
1994-01-26,44.7031
1994-02-02,44.4585
1994-02-09,44.5713
1994-02-16,44.5636
1994-02-23,44.5866
1994-03-02,44.5996
1994-03-09,44.5178
1994-03-16,44.5379
1994-03-23,44.5704
1994-03-30,44.5131
1994-04-06,44.5832
1994-04-13,44.5354
1994-04-20,44.529
1994-04-27,44.4839
1994-05-04,44.3782
1994-05-11,44.4264
1994-05-18,44.4258
1994-05-25,44.4722
1994-06-01,44.3126
1994-06-08,44.2236
1994-06-15,44.3419
1994-06-22,44.2491
1994-06-29,44.2097
1994-07-06,43.8779
1994-07-13,44.0509
1994-07-20,43.9439
1994-07-27,43.9931
1994-08-03,43.9914
1994-08-10,43.8939
1994-08-17,43.9015
1994-08-24,43.8837
1994-08-31,43.9066
1994-09-07,43.8129
1994-09-14,43.8435
1994-09-21,43.9423
1994-09-28,43.874
1994-10-05,43.8205
1994-10-12,44.0716
1994-10-19,44.0079
1994-10-26,44.0112
1994-11-02,43.92
1994-11-09,43.8864
1994-11-16,43.8194
1994-11-23,43.7514
1994-11-30,43.6898
1994-12-07,43.3878
1994-12-14,43.3561
1994-12-21,43.3916
1994-12-28,43.4819
1995-01-04,43.7218
1995-01-11,43.8235
1995-01-18,43.8192
1995-01-25,43.9927
1995-02-01,43.8952
1995-02-08,43.8349
1995-02-15,43.8697
1995-02-22,43.9535
1995-03-01,43.7096
1995-03-08,43.6337
1995-03-15,43.724
1995-03-22,43.7339
1995-03-29,43.8624
1995-04-05,43.821
1995-04-12,43.9008
1995-04-19,43.9865
1995-04-26,43.9942
1995-05-03,43.9399
1995-05-10,43.8489
1995-05-17,43.8597
1995-05-24,43.9208
1995-05-31,43.7319
1995-06-07,43.7253
1995-06-14,43.7508
1995-06-21,43.7881
1995-06-28,43.8211
1995-07-05,43.7957
1995-07-12,43.6746
1995-07-19,43.5788
1995-07-26,43.6435
1995-08-02,43.5048
1995-08-09,43.5469
1995-08-16,43.5876
1995-08-23,43.5399
1995-08-30,43.5224
1995-09-06,43.4392
1995-09-13,43.4705
1995-09-20,43.5894
1995-09-27,43.6989
1995-10-04,43.3731
1995-10-11,43.0821
1995-10-18,43.1913
1995-10-25,43.2562
1995-11-01,43.1218
1995-11-08,43.0988
1995-11-15,43.1464
1995-11-22,43.1448
1995-11-29,43.0143
1995-12-06,43.0353
1995-12-13,43.1178
1995-12-20,43.1234
1995-12-27,43.1853
1996-01-03,43.3318
1996-01-10,43.4062
1996-01-17,43.4169
1996-01-24,43.4747
1996-01-31,43.355
1996-02-07,43.3277
1996-02-14,43.423
1996-02-21,43.4331
1996-02-28,43.287
1996-03-06,43.2433
1996-03-13,43.2729
1996-03-20,43.2675
1996-03-27,43.2164
1996-04-03,43.2413
1996-04-10,43.2228
1996-04-17,43.2037
1996-04-24,43.2746
1996-05-01,43.0623
1996-05-08,43.0307
1996-05-15,43.0254
1996-05-22,42.9862
1996-05-29,42.9475
1996-06-05,42.8951
1996-06-12,42.8762
1996-06-19,42.8339
1996-06-26,42.8851
1996-07-03,42.9319
1996-07-10,42.926
1996-07-17,42.7818
1996-07-24,42.8358
1996-07-31,42.8733
1996-08-07,42.7387
1996-08-14,42.8413
1996-08-21,42.8497
1996-08-28,42.8146
1996-09-04,42.8442
1996-09-11,42.7165
1996-09-18,42.6783
1996-09-25,42.8729
1996-10-02,42.8138
1996-10-09,42.9179
1996-10-16,43.0184
1996-10-23,43.0826
1996-10-30,42.9864
1996-11-06,42.9084
1996-11-13,42.8664
1996-11-20,42.9586
1996-11-27,42.9458
1996-12-04,42.9024
1996-12-11,42.7544
1996-12-18,42.8126
1996-12-25,42.9438
1997-01-01,42.932
1997-01-08,42.7231
1997-01-15,42.6702
1997-01-22,42.6227
1997-01-29,42.5316
1997-02-05,42.5388
1997-02-12,42.495
1997-02-19,42.5533
1997-02-26,42.4565
1997-03-05,42.4221
1997-03-12,42.34
1997-03-19,42.3598
1997-03-26,42.3512
1997-04-02,42.5638
1997-04-09,42.5764
1997-04-16,42.5382
1997-04-23,42.5915
1997-04-30,42.5617
1997-05-07,42.284
1997-05-14,42.3196
1997-05-21,42.3043
1997-05-28,42.3421
1997-06-04,42.2402
1997-06-11,42.1365
1997-06-18,42.1317
1997-06-25,42.2476
1997-07-02,42.1418
1997-07-09,42.0771
1997-07-16,41.9437
1997-07-23,41.9899
1997-07-30,42.0102
1997-08-06,41.8795
1997-08-13,41.9434
1997-08-20,41.996
1997-08-27,41.9244
1997-09-03,41.7559
1997-09-10,41.7292
1997-09-17,41.7592
1997-09-24,41.709
1997-10-01,41.5954
1997-10-08,41.7513
1997-10-15,41.8089
1997-10-22,41.8449
1997-10-29,41.8127
1997-11-05,41.7215
1997-11-12,41.6386
1997-11-19,41.5745
1997-11-26,41.6602
1997-12-03,41.5622
1997-12-10,41.5307
1997-12-17,41.4678
1997-12-24,41.5319
1997-12-31,41.7212
1998-01-07,41.6614
1998-01-14,41.7438
1998-01-21,41.8069
1998-01-28,41.8094
1998-02-04,41.7919
1998-02-11,41.8194
1998-02-18,41.8329
1998-02-25,41.9729
1998-03-04,41.9387
1998-03-11,41.8518
1998-03-18,41.8196
1998-03-25,41.8735
1998-04-01,42.1467
1998-04-08,42.2615
1998-04-15,42.2168
1998-04-22,42.1948
1998-04-29,42.227
1998-05-06,42.1776
1998-05-13,42.1263
1998-05-20,42.1402
1998-05-27,42.0634
1998-06-03,42.2131
1998-06-10,42.1671
1998-06-17,42.2059
1998-06-24,42.2026
1998-07-01,42.4615
1998-07-08,42.4367
1998-07-15,42.2849
1998-07-22,42.1818
1998-07-29,42.2476
1998-08-05,42.1481
1998-08-12,42.1447
1998-08-19,42.0724
1998-08-26,42.1171
1998-09-02,42.1964
1998-09-09,41.8766
1998-09-16,41.9404
1998-09-23,41.9897
1998-09-30,42.7631
1998-10-07,42.6362
1998-10-14,42.6455
1998-10-21,42.559
1998-10-28,42.6264
1998-11-04,42.7082
1998-11-11,42.5485
1998-11-18,42.4672
1998-11-25,42.3526
1998-12-02,42.451
1998-12-09,42.2011
1998-12-16,42.1932
1998-12-23,42.2653
1998-12-30,42.3944
1999-01-06,42.2516
1999-01-13,42.5873
1999-01-20,42.6329
1999-01-27,42.5893
1999-02-03,43.119
1999-02-10,42.9373
1999-02-17,42.8744
1999-02-24,42.8875
1999-03-03,42.911
1999-03-10,42.8555
1999-03-17,42.8813
1999-03-24,43.0496
1999-03-31,43.191
1999-04-07,42.9344
1999-04-14,42.9391
1999-04-21,43.0805
1999-04-28,43.0093
1999-05-05,43.0298
1999-05-12,43.0615
1999-05-19,42.9595
1999-05-26,43.0973
1999-06-02,43.334
1999-06-09,43.2261
1999-06-16,43.2397
1999-06-23,43.3057
1999-06-30,43.1835
1999-07-07,43.1904
1999-07-14,43.134
1999-07-21,43.2192
1999-07-28,43.1534
1999-08-04,43.3825
1999-08-11,43.2159
1999-08-18,43.1825
1999-08-25,43.2476
1999-09-01,43.4196
1999-09-08,43.4075
1999-09-15,43.3786
1999-09-22,43.5188
1999-09-29,43.4451
1999-10-06,43.4022
1999-10-13,43.5205
1999-10-20,43.5101
1999-10-27,43.6756
1999-11-03,43.7599
1999-11-10,43.5659
1999-11-17,43.4847
1999-11-24,43.6501
1999-12-01,43.3822
1999-12-08,43.5923
1999-12-15,43.6163
1999-12-22,43.576
1999-12-29,43.6665
2000-01-05,43.4582
2000-01-12,43.1008
2000-01-19,42.4533
2000-01-26,42.7511
2000-02-02,42.8097
2000-02-09,42.6443
2000-02-16,42.6956
2000-02-23,42.7919
2000-03-01,42.6965
2000-03-08,42.6997
2000-03-15,42.7163
2000-03-22,42.7544
2000-03-29,42.7716
2000-04-05,43.1034
2000-04-12,43.1422
2000-04-19,43.0453
2000-04-26,43.1995
2000-05-03,43.4017
2000-05-10,43.3953
2000-05-17,43.4142
2000-05-24,43.5151
2000-05-31,43.5053
2000-06-07,43.4711
2000-06-14,43.5479
2000-06-21,43.5575
2000-06-28,43.728
2000-07-05,43.9597
2000-07-12,44.4137
2000-07-19,44.4381
2000-07-26,44.6766
2000-08-02,44.8341
2000-08-09,44.8206
2000-08-16,44.922
2000-08-23,44.9995
2000-08-30,44.7288
2000-09-06,45.0612
2000-09-13,44.9138
2000-09-20,45.1074
2000-09-27,45.0617
2000-10-04,44.9928
2000-10-11,45.0431
2000-10-18,45.0243
2000-10-25,45.2366
2000-11-01,45.1478
2000-11-08,45.1597
2000-11-15,45.1092
2000-11-22,45.1767
2000-11-29,45.81
2000-12-06,45.8643
2000-12-13,46.0035
2000-12-20,45.9851
2000-12-27,46.0129
2001-01-03,46.4473
2001-01-10,46.1572
2001-01-17,46.5309
2001-01-24,46.8815
2001-01-31,46.7392
2001-02-07,46.9682
2001-02-14,46.8635
2001-02-21,46.9604
2001-02-28,46.77
2001-03-07,46.6424
2001-03-14,46.7289
2001-03-21,46.6849
2001-03-28,46.6009
2001-04-04,46.9911
2001-04-11,47.3389
2001-04-18,47.3222
2001-04-25,47.4042
2001-05-02,47.1709
2001-05-09,47.2457
2001-05-16,47.2935
2001-05-23,47.3716
2001-05-30,47.1884
2001-06-06,47.3502
2001-06-13,47.4257
2001-06-20,47.5105
2001-06-27,47.6729
2001-07-04,47.896
2001-07-11,48.0719
2001-07-18,48.0304
2001-07-25,48.2342
2001-08-01,48.1589
2001-08-08,48.3108
2001-08-15,48.4136
2001-08-22,48.3903
2001-08-29,48.2335
2001-09-05,47.7985
2001-09-12,48.1282
2001-09-19,48.1008
2001-09-26,48.2235
2001-10-03,49.4218
2001-10-10,49.6372
2001-10-17,49.8415
2001-10-24,49.8963
2001-10-31,49.4765
2001-11-07,49.8422
2001-11-14,49.833
2001-11-21,49.9206
2001-11-28,49.8222
2001-12-05,49.5686
2001-12-12,50.2186
2001-12-19,50.5297
2001-12-26,50.6104
2002-01-02,50.8633
2002-01-09,51.766
2002-01-16,52.1494
2002-01-23,52.1258
2002-01-30,52.4237
2002-02-06,52.9895
2002-02-13,53.0978
2002-02-20,53.1438
2002-02-27,52.9974
2002-03-06,53.1092
2002-03-13,53.3063
2002-03-20,53.3305
2002-03-27,53.4004
2002-04-03,53.2322
2002-04-10,53.6986
2002-04-17,53.7013
2002-04-24,53.8382
2002-05-01,54.2595
2002-05-08,53.9297
2002-05-15,53.9536
2002-05-22,53.9643
2002-05-29,54.0418
2002-06-05,53.9617
2002-06-12,54.1926
2002-06-19,54.1436
2002-06-26,53.9523
2002-07-03,53.8639
2002-07-10,54.1857
2002-07-17,54.0373
2002-07-24,54.3515
2002-07-31,54.0675
2002-08-07,54.0826
2002-08-14,53.2676
2002-08-21,53.2927
2002-08-28,53.5272
2002-09-04,53.6458
2002-09-11,53.3332
2002-09-18,53.3135
2002-09-25,53.3623
2002-10-02,53.0948
2002-10-09,53.3498
2002-10-16,53.5637
2002-10-23,53.6936
2002-10-30,53.7978
2002-11-06,53.9224
2002-11-13,53.9011
2002-11-20,53.9956
2002-11-27,53.954
2002-12-04,53.5847
2002-12-11,53.7769
2002-12-18,53.7953
2002-12-25,53.8629
2003-01-01,53.3166
2003-01-08,53.477
2003-01-15,53.1516
2003-01-22,53.4131
2003-01-29,53.2423
2003-02-05,53.4358
2003-02-12,53.4805
2003-02-19,53.7314
2003-02-26,53.5889
2003-03-05,53.6783
2003-03-12,53.4261
2003-03-19,53.4885
2003-03-26,53.5959
2003-04-02,53.6283
2003-04-09,53.4041
2003-04-16,53.5345
2003-04-23,53.688
2003-04-30,53.4574
2003-05-07,53.5593
2003-05-14,53.6825
2003-05-21,53.689
2003-05-28,53.6771
2003-06-04,53.4261
2003-06-11,53.5012
2003-06-18,53.5654
2003-06-25,53.6601
2003-07-02,53.2333
2003-07-09,52.7461
2003-07-16,53.0312
2003-07-23,53.1023
2003-07-30,52.8519
2003-08-06,52.8984
2003-08-13,53.7107
2003-08-20,53.7429
2003-08-27,53.7461
2003-09-03,53.5303
2003-09-10,53.4982
2003-09-17,53.4889
2003-09-24,53.6352
2003-10-01,52.8025
2003-10-08,52.2579
2003-10-15,52.4256
2003-10-22,52.4357
2003-10-29,52.3559
2003-11-05,52.0902
2003-11-12,52.0486
2003-11-19,52.0429
2003-11-26,52.1653
2003-12-03,52.9422
2003-12-10,52.9931
2003-12-17,53.102
2003-12-24,53.1985
2003-12-31,52.9102
2004-01-07,51.8822
2004-01-14,51.5256
2004-01-21,51.1768
2004-01-28,51.0396
2004-02-04,50.6174
2004-02-11,50.6471
2004-02-18,50.6465
2004-02-25,50.6135
2004-03-03,50.5323
2004-03-10,50.4003
2004-03-17,50.4909
2004-03-24,50.5929
2004-03-31,50.4638
2004-04-07,49.2151
2004-04-14,49.4336
2004-04-21,49.386
2004-04-28,49.2648
2004-05-05,49.1347
2004-05-12,48.9471
2004-05-19,48.8121
2004-05-26,48.8933
2004-06-02,48.8654
2004-06-09,48.804
2004-06-16,48.8402
2004-06-23,49.0281
2004-06-30,48.6257
2004-07-07,48.2684
2004-07-14,48.3303
2004-07-21,48.0749
2004-07-28,48.1853
2004-08-04,48.1514
2004-08-11,48.0997
2004-08-18,48.08
2004-08-25,48.1477
2004-09-01,48.1735
2004-09-08,47.5818
2004-09-15,47.684
2004-09-22,47.6795
2004-09-29,47.6898
2004-10-06,47.2552
2004-10-13,47.2988
2004-10-20,47.1013
2004-10-27,47.1103
2004-11-03,47.0858
2004-11-10,46.8935
2004-11-17,46.7154
2004-11-24,46.8483
2004-12-01,47.061
2004-12-08,45.9382
2004-12-15,46.1451
2004-12-22,46.295
2004-12-29,46.7965
2005-01-05,45.863
2005-01-12,45.7692
2005-01-19,46.0662
2005-01-26,46.1846
2005-02-02,46.3355
2005-02-09,46.045
2005-02-16,46.0463
2005-02-23,45.7369
2005-03-02,45.1792
2005-03-09,44.8004
2005-03-16,44.903
2005-03-23,45.0238
2005-03-30,45.0877
2005-04-06,44.692
2005-04-13,44.9221
2005-04-20,45.0955
2005-04-27,45.2104
2005-05-04,44.9037
2005-05-11,44.7039
2005-05-18,44.5955
2005-05-25,44.7202
2005-06-01,44.6795
2005-06-08,44.4039
2005-06-15,44.4764
2005-06-22,44.5552
2005-06-29,44.5656
2005-07-06,43.9875
2005-07-13,44.3868
2005-07-20,44.3336
2005-07-27,44.5226
2005-08-03,44.4438
2005-08-10,44.2091
2005-08-17,44.1629
2005-08-24,44.3012
2005-08-31,44.0476
2005-09-07,44.3374
2005-09-14,44.4896
2005-09-21,44.4871
2005-09-28,44.5419
2005-10-05,44.3461
2005-10-12,44.4622
2005-10-19,44.3082
2005-10-26,44.3323
2005-11-02,44.3923
2005-11-09,44.1004
2005-11-16,43.9788
2005-11-23,44.0791
2005-11-30,43.619
2005-12-07,43.6678
2005-12-14,43.9871
2005-12-21,43.7971
2005-12-28,43.8624
2006-01-04,43.3961
2006-01-11,43.2576
2006-01-18,43.2929
2006-01-25,43.4482
2006-02-01,43.2365
2006-02-08,43.0582
2006-02-15,43.0527
2006-02-22,43.1919
2006-03-01,43.829
2006-03-08,43.4332
2006-03-15,43.5656
2006-03-22,43.6941
2006-03-29,43.8165
2006-04-05,43.5696
2006-04-12,43.8713
2006-04-19,43.9109
2006-04-26,44.1984
2006-05-03,44.1556
2006-05-10,44.0048
2006-05-17,43.9559
2006-05-24,44.208
2006-05-31,44.038
2006-06-07,43.7419
2006-06-14,43.9386
2006-06-21,43.9616
2006-06-28,43.9828
2006-07-05,43.5061
2006-07-12,43.5474
2006-07-19,43.4222
2006-07-26,43.7895
2006-08-02,43.5952
2006-08-09,43.3363
2006-08-16,43.4348
2006-08-23,43.5956
2006-08-30,43.3575
2006-09-06,43.1037
2006-09-13,43.2226
2006-09-20,43.1921
2006-09-27,43.1815
2006-10-04,43.3364
2006-10-11,43.1885
2006-10-18,43.1731
2006-10-25,43.1716
2006-11-01,42.9168
2006-11-08,42.3976
2006-11-15,42.5055
2006-11-22,42.9242
2006-11-29,42.7124
2006-12-06,42.9778
2006-12-13,43.462
2006-12-20,43.4978
2006-12-27,44.0375
2007-01-03,43.1584
2007-01-10,43.3667
2007-01-17,43.4402
2007-01-24,43.6244
2007-01-31,43.384
2007-02-07,43.0914
2007-02-14,43.0748
2007-02-21,43.1345
2007-02-28,42.8277
2007-03-07,42.2921
2007-03-14,42.4489
2007-03-21,42.5455
2007-03-28,42.6792
2007-04-04,42.9458
2007-04-11,43.103
2007-04-18,43.3453
2007-04-25,43.7268
2007-05-02,43.7012
2007-05-09,43.487
2007-05-16,43.4557
2007-05-23,43.5469
2007-05-30,43.396
2007-06-06,43.2013
2007-06-13,43.5235
2007-06-20,43.555
2007-06-27,43.7943
2007-07-04,44.1221
2007-07-11,44.1907
2007-07-18,44.2392
2007-07-25,44.5422
2007-08-01,44.5622
2007-08-08,44.4096
2007-08-15,44.6201
2007-08-22,44.8132
2007-08-29,44.8917
2007-09-05,44.8815
2007-09-12,45.215
2007-09-19,45.2468
2007-09-26,45.3309
2007-10-03,46.0703
2007-10-10,46.2618
2007-10-17,46.3818
2007-10-24,47.0401
2007-10-31,47.0922
2007-11-07,47.0446
2007-11-14,47.2614
2007-11-21,47.6433
2007-11-28,47.793
2007-12-05,49.558
2007-12-12,50.1002
2007-12-19,50.3518
2007-12-26,50.9426
2008-01-02,52.2283
2008-01-09,54.8456
2008-01-16,55.331
2008-01-23,57.4656
2008-01-30,57.0798
2008-02-06,57.7035
2008-02-13,58.2803
2008-02-20,58.3506
2008-02-27,58.0262
2008-03-05,58.8521
2008-03-12,59.0781
2008-03-19,59.151
2008-03-26,59.1573
2008-04-02,63.0768
2008-04-09,67.8259
2008-04-16,68.0022
2008-04-23,68.8709
2008-04-30,69.0322
2008-05-07,69.3356
2008-05-14,69.3283
2008-05-21,69.0921
2008-05-28,68.9611
2008-06-04,71.1099
2008-06-11,71.5882
2008-06-18,71.4719
2008-06-25,72.6464
2008-07-02,78.3992
2008-07-09,79.5108
2008-07-16,79.5823
2008-07-23,79.9488
2008-07-30,79.453
2008-08-06,80.8086
2008-08-13,81.2386
2008-08-20,81.1824
2008-08-27,81.2604
2008-09-03,83.709
2008-09-10,84.1012
2008-09-17,84.0959
2008-09-24,85.0114
2008-10-01,90.7379
2008-10-08,92.9833
2008-10-15,93.1434
2008-10-22,93.3124
2008-10-29,93.2949
2008-11-05,95.3721
2008-11-12,95.84
2008-11-19,96.0312
2008-11-26,95.5367
2008-12-03,99.3979
2008-12-10,99.1356
2008-12-17,99.6175
2008-12-24,100.0033
2008-12-31,105.5424
2009-01-07,108.57
2009-01-14,109.1151
2009-01-21,109.1578
2009-01-28,108.5232
2009-02-04,112.3173
2009-02-11,111.9762
2009-02-18,111.8537
2009-02-25,111.4445
2009-03-04,116.7133
2009-03-11,117.2063
2009-03-18,117.2902
2009-03-25,118.4016
2009-04-01,121.7438
2009-04-08,123.5367
2009-04-15,123.3308
2009-04-22,123.5496
2009-04-29,124.5055
2009-05-06,128.607
2009-05-13,129.0885
2009-05-20,131.0503
2009-05-27,130.0883
2009-06-03,136.3782
2009-06-10,135.772
2009-06-17,135.1481
2009-06-24,134.6008
2009-07-01,135.1736
2009-07-08,140.4002
2009-07-15,141.2735
2009-07-22,141.191
2009-07-29,140.1812
2009-08-05,144.4314
2009-08-12,144.534
2009-08-19,143.7717
2009-08-26,142.7408
2009-09-02,146.3894
2009-09-09,146.4293
2009-09-16,146.1636
2009-09-23,144.2417
2009-09-30,145.4327
2009-10-07,148.5226
2009-10-14,148.1116
2009-10-21,147.5911
2009-10-28,146.2319
2009-11-04,151.3985
2009-11-11,151.0456
2009-11-18,150.645
2009-11-25,149.6971
2009-12-02,152.1752
2009-12-09,150.9771
2009-12-16,151.4438
2009-12-23,151.4225
2009-12-30,149.0702
2010-01-06,152.1727
2010-01-13,152.3234
2010-01-20,152.2245
2010-01-27,151.1687
2010-02-03,153.2186
2010-02-10,152.1567
2010-02-17,151.9865
2010-02-24,150.6389
2010-03-03,150.9699
2010-03-10,150.0894
2010-03-17,150.1712
2010-03-24,149.5056
2010-03-31,182.4549
2010-04-07,183.8603
2010-04-14,183.8173
2010-04-21,184.1295
2010-04-28,183.3944
2010-05-05,183.1073
2010-05-12,182.8359
2010-05-19,181.9819
2010-05-26,180.9474
2010-06-02,180.1397
2010-06-09,179.7078
2010-06-16,180.0323
2010-06-23,180.2001
2010-06-30,175.6944
2010-07-07,173.3981
2010-07-14,173.0629
2010-07-21,172.5209
2010-07-28,172.3999
2010-08-04,173.1579
2010-08-11,172.745
2010-08-18,172.5204
2010-08-25,172.8334
2010-09-01,172.6418
2010-09-08,171.5785
2010-09-15,171.8354
2010-09-22,171.5134
2010-09-29,170.3017
2010-10-06,166.1954
2010-10-13,165.9653
2010-10-20,165.3029
2010-10-27,164.6208
2010-11-03,164.7311
2010-11-10,164.1366
2010-11-17,163.7866
2010-11-24,163.5321
2010-12-01,161.7685
2010-12-08,160.2365
2010-12-15,161.2015
2010-12-22,160.0458
2010-12-29,159.6015
2011-01-05,158.2075
2011-01-12,158.951
2011-01-19,157.4185
2011-01-26,157.4639
2011-02-02,158.0188
2011-02-09,156.9562
2011-02-16,156.7052
2011-02-23,156.6359
2011-03-02,154.3375
2011-03-09,154.0093
2011-03-16,154.4951
2011-03-23,154.1552
2011-03-30,156.7713
2011-04-06,149.8104
2011-04-13,149.6113
2011-04-20,148.9798
2011-04-27,148.3887
2011-05-04,148.3432
2011-05-11,147.6572
2011-05-18,146.7719
2011-05-25,146.4695
2011-06-01,146.1862
2011-06-08,143.3972
2011-06-15,143.7987
2011-06-22,143.3425
2011-06-29,142.8729
2011-07-06,140.6269
2011-07-13,140.5434
2011-07-20,140.6555
2011-07-27,140.173
2011-08-03,139.7595
2011-08-10,138.9616
2011-08-17,138.9093
2011-08-24,138.9564
2011-08-31,136.8254
2011-09-07,135.886
2011-09-14,136.085
2011-09-21,135.4777
2011-09-28,135.1779
2011-10-05,135.1853
2011-10-12,135.064
2011-10-19,134.5894
2011-10-26,134.3504
2011-11-02,133.4741
2011-11-09,132.897
2011-11-16,132.7015
2011-11-23,132.2779
2011-11-30,132.05
2011-12-07,131.6392
2011-12-14,131.8547
2011-12-21,131.634
2011-12-28,132.3928
2012-01-04,131.7239
2012-01-11,132.0602
2012-01-18,131.732
2012-01-25,131.677
2012-02-01,130.8652
2012-02-08,128.2203
2012-02-15,128.0077
2012-02-22,127.8056
2012-02-29,128.5215
2012-03-07,126.0869
2012-03-14,126.3526
2012-03-21,126.1786
2012-03-28,126.199
2012-04-04,123.2948
2012-04-11,123.4793
2012-04-18,123.1387
2012-04-25,123.4947
2012-05-02,122.5037
2012-05-09,121.5969
2012-05-16,120.963
2012-05-23,120.7543
2012-05-30,119.994
2012-06-06,119.2884
2012-06-13,119.7347
2012-06-20,119.4119
2012-06-27,119.4073
2012-07-04,117.5891
2012-07-11,116.585
2012-07-18,116.3871
2012-07-25,116.5588
2012-08-01,116.2664
2012-08-08,115.4844
2012-08-15,115.5074
2012-08-22,115.3759
2012-08-29,115.1155
2012-09-05,113.7982
2012-09-12,113.7844
2012-09-19,113.411
2012-09-26,113.3221
2012-10-03,110.7257
2012-10-10,110.0232
2012-10-17,109.8225
2012-10-24,109.8985
2012-10-31,108.7285
2012-11-07,108.6483
2012-11-14,108.1638
2012-11-21,107.909
2012-11-28,107.6124
2012-12-05,105.8382
2012-12-12,106.067
2012-12-19,106.0024
2012-12-26,106.3312
2013-01-02,105.1053
2013-01-09,104.5913
2013-01-16,104.6546
2013-01-23,104.8216
2013-01-30,103.9882
2013-02-06,103.8616
2013-02-13,103.6803
2013-02-20,103.4984
2013-02-27,102.9613
2013-03-06,101.7301
2013-03-13,101.8761
2013-03-20,101.7699
2013-03-27,101.5085
2013-04-03,99.8493
2013-04-10,99.8121
2013-04-17,99.5213
2013-04-24,99.7052
2013-05-01,99.2922
2013-05-08,98.455
2013-05-15,98.203
2013-05-22,98.8453
2013-05-29,98.3825
2013-06-05,97.1519
2013-06-12,97.3792
2013-06-19,96.7889
2013-06-26,96.9309
2013-07-03,95.1356
2013-07-10,94.8356
2013-07-17,94.7691
2013-07-24,94.9768
2013-07-31,94.2149
2013-08-07,93.3387
2013-08-14,93.4885
2013-08-21,93.0156
2013-08-28,92.9976
2013-09-04,92.3326
2013-09-11,92.102
2013-09-18,91.809
2013-09-25,91.7419
2013-10-02,89.7041
2013-10-09,89.747
2013-10-16,89.4577
2013-10-23,89.5215
2013-10-30,89.3205
2013-11-06,88.7128
2013-11-13,88.7215
2013-11-20,88.4756
2013-11-27,88.2794
2013-12-04,87.6932
2013-12-11,87.6483
2013-12-18,87.3867
2013-12-25,86.5776
2014-01-01,85.9387
2014-01-08,84.7018
2014-01-15,84.5266
2014-01-22,84.5414
2014-01-29,84.1746
2014-02-05,83.7176
2014-02-12,83.65
2014-02-19,83.614
2014-02-26,83.7021
2014-03-05,82.9923
2014-03-12,83.0549
2014-03-19,83.1224
2014-03-26,82.7156
2014-04-02,81.9947
2014-04-09,81.9793
2014-04-16,81.755
2014-04-23,81.8463
2014-04-30,81.3883
2014-05-07,81.2256
2014-05-14,81.1118
2014-05-21,80.8459
2014-05-28,80.7592
2014-06-04,80.313
2014-06-11,80.0732
2014-06-18,80.1288
2014-06-25,80.1453
2014-07-02,78.9892
2014-07-09,78.717
2014-07-16,78.9281
2014-07-23,78.9527
2014-07-30,79.0386
2014-08-06,78.0723
2014-08-13,78.1144
2014-08-20,77.9212
2014-08-27,77.8292
2014-09-03,77.4798
2014-09-10,77.18
2014-09-17,77.1247
2014-09-24,77.218
2014-10-01,76.8526
2014-10-08,76.3174
2014-10-15,76.3613
2014-10-22,76.3678
2014-10-29,76.4152
2014-11-05,75.6811
2014-11-12,75.6841
2014-11-19,75.5429
2014-11-26,75.4404
2014-12-03,74.5895
2014-12-10,74.3723
2014-12-17,74.3977
2014-12-24,74.4681
2014-12-31,74.3903
2015-01-07,74.2233
2015-01-14,74.139
2015-01-21,74.0947
2015-01-28,74.063
2015-02-04,73.5015
2015-02-11,73.4515
2015-02-18,73.3746
2015-02-25,73.193
2015-03-04,72.9204
2015-03-11,72.7943
2015-03-18,72.5032
2015-03-25,72.4666
2015-04-01,72.6584
2015-04-08,72.4668
2015-04-15,72.2857
2015-04-22,72.2716
2015-04-29,72.2843
2015-05-06,72.0745
2015-05-13,71.9012
2015-05-20,71.6402
2015-05-27,71.6366
2015-06-03,71.3077
2015-06-10,71.1764
2015-06-17,71.2868
2015-06-24,71.2889
2015-07-01,71.3642
2015-07-08,71.2395
2015-07-15,71.3262
2015-07-22,70.9752
2015-07-29,71.6813
2015-08-05,72.3592
2015-08-12,72.3205
2015-08-19,72.2894
2015-08-26,72.0924
2015-09-02,71.6943
2015-09-09,71.5838
2015-09-16,71.5493
2015-09-23,71.4104
2015-09-30,70.9241
2015-10-07,71.3789
2015-10-14,71.343
2015-10-21,71.2628
2015-10-28,71.1995
2015-11-04,71.5622
2015-11-11,71.1324
2015-11-18,71.1269
2015-11-25,71.0617
2015-12-02,70.9627
2015-12-09,71.115
2015-12-16,71.1966
2015-12-23,71.2418
2015-12-30,71.3746
2016-01-06,71.0844
2016-01-13,71.0333
2016-01-20,70.9786
2016-01-27,71.0346
2016-02-03,71.1335
2016-02-10,71.0099
2016-02-17,71.0299
2016-02-24,70.8749
2016-03-02,71.0954
2016-03-09,70.8972
2016-03-16,70.9487
2016-03-23,71.0225
2016-03-30,70.9003
2016-04-06,71.9649
2016-04-13,71.8689
2016-04-20,72.1439
2016-04-27,72.1111
2016-05-04,71.7326
2016-05-11,71.8377
2016-05-18,71.634
2016-05-25,71.569
2016-06-01,71.3235
2016-06-08,71.5604
2016-06-15,71.7328
2016-06-22,71.7438
2016-06-29,71.6272
2016-07-06,72.1112
2016-07-13,72.1369
2016-07-20,72.2325
2016-07-27,72.3061
2016-08-03,72.1443
2016-08-10,72.0139
2016-08-17,71.9647
2016-08-24,72.0469
2016-08-31,71.4599
2016-09-07,71.5469
2016-09-14,71.4839
2016-09-21,71.3863
2016-09-28,71.587
2016-10-05,72.1173
2016-10-12,71.9934
2016-10-19,71.8975
2016-10-26,72.059
2016-11-02,72.1814
2016-11-09,72.0682
2016-11-16,72.098
2016-11-23,72.057
2016-11-30,71.7862
2016-12-07,71.9159
2016-12-14,72.0741
2016-12-21,71.9251
2016-12-28,71.9983
2017-01-04,72.4156
2017-01-11,72.0775
2017-01-18,72.0956
2017-01-25,72.086
2017-02-01,71.8972
2017-02-08,72.0653
2017-02-15,72.0486
2017-02-22,71.881
2017-03-01,71.6746
2017-03-08,71.7067
2017-03-15,71.7156
2017-03-22,71.8528
2017-03-29,72.1929
2017-04-05,71.5792
2017-04-12,71.2387
2017-04-19,71.4201
2017-04-26,71.4222
2017-05-03,71.5633
2017-05-10,71.3953
2017-05-17,71.1412
2017-05-24,71.1759
2017-05-31,70.8124
2017-06-07,70.893
2017-06-14,71.0206
2017-06-21,71.0866
2017-06-28,71.046
2017-07-05,70.9577
2017-07-12,70.9782
2017-07-19,71.0989
2017-07-26,71.2929
2017-08-02,71.3162
2017-08-09,71.1027
2017-08-16,71.0667
2017-08-23,71.0385
2017-08-30,71.0538
2017-09-06,71.0505
2017-09-13,71.0129
2017-09-20,70.8922
2017-09-27,70.8661
2017-10-04,71.5276
2017-10-11,71.6799
2017-10-18,71.607
2017-10-25,71.6318
2017-11-01,71.4463
2017-11-08,71.6629
2017-11-15,71.7396
2017-11-22,71.685
2017-11-29,71.8751
2017-12-06,71.7963
2017-12-13,71.8541
2017-12-20,71.7052
2017-12-27,71.9302
2018-01-03,71.876
2018-01-10,71.5887
2018-01-17,71.705
2018-01-24,71.6336
2018-01-31,71.1831
2018-02-07,71.4275
2018-02-14,71.4022
2018-02-21,71.2296
2018-02-28,70.9753
2018-03-07,70.9532
2018-03-14,70.9977
2018-03-21,71.1098
2018-03-28,71.4192
2018-04-04,70.9033
2018-04-11,70.4853
2018-04-18,70.8012
2018-04-25,70.8421
2018-05-02,71.0076
2018-05-09,70.7302
2018-05-16,70.6419
2018-05-23,70.4493
2018-05-30,70.3212
2018-06-06,70.2822
2018-06-13,70.4078
2018-06-20,70.5006
2018-06-27,71.0458
2018-07-04,70.2008
2018-07-11,70.0927
2018-07-18,70.2412
2018-07-25,69.7811
2018-08-01,69.4736
2018-08-08,69.6299
2018-08-15,69.5372
2018-08-22,69.4584
2018-08-29,69.4291
2018-09-05,69.4858
2018-09-12,69.5773
2018-09-19,69.5075
2018-09-26,69.3707
2018-10-03,69.4925
2018-10-10,69.3721
2018-10-17,69.1811
2018-10-24,69.1672
2018-10-31,69.0267
2018-11-07,69.294
2018-11-14,69.3298
2018-11-21,69.2433
2018-11-28,69.1329
2018-12-05,69.32
2018-12-12,69.361
2018-12-19,69.3813
2018-12-26,69.345
2019-01-02,70.0181
2019-01-09,70.2144
2019-01-16,70.3645
2019-01-23,70.2932
2019-01-30,70.162
2019-02-06,70.2866
2019-02-13,70.1944
2019-02-20,69.9719
2019-02-27,69.8371
2019-03-06,69.7641
2019-03-13,69.7785
2019-03-20,69.7149
2019-03-27,70.1846
2019-04-03,71.0891
2019-04-10,70.3711
2019-04-17,70.6846
2019-04-24,70.9606
2019-05-01,70.5496
2019-05-08,70.7159
2019-05-15,70.49
2019-05-22,70.0587
2019-05-29,69.9751
2019-06-05,70.0665
2019-06-12,70.1863
2019-06-19,70.3266
2019-06-26,70.5148
2019-07-03,70.2967
2019-07-10,70.1258
2019-07-17,70.3712
2019-07-24,70.5017
2019-07-31,70.1952
2019-08-07,70.3083
2019-08-14,70.1755
2019-08-21,69.957
2019-08-28,69.9076
2019-09-04,70.2161
2019-09-11,70.082
2019-09-18,69.8913
2019-09-25,69.8513
2019-10-02,70.397
2019-10-09,70.6359
2019-10-16,70.4301
2019-10-23,70.3944
2019-10-30,70.1642
2019-11-06,70.5103
2019-11-13,70.4539
2019-11-20,70.3164
2019-11-27,69.9396
2019-12-04,70.3133
2019-12-11,68.8029
2019-12-18,68.692
2019-12-25,68.4348
2020-01-01,68.5217
2020-01-08,70.6619
2020-01-15,69.6869
2020-01-22,69.5875
2020-01-29,70.0241
2020-02-05,70.2968
2020-02-12,70.1696
2020-02-19,70.2096
2020-02-26,70.0614
2020-03-04,70.294
2020-03-11,70.0502
2020-03-18,70.1337
2020-03-25,70.7389
2020-04-01,80.4722
2020-04-08,93.2413
2020-04-15,95.2298
2020-04-22,95.4359
2020-04-29,95.5277
2020-05-06,117.799
2020-05-13,117.532
2020-05-20,116.8983
2020-05-27,116.9771
2020-06-03,120.7667
2020-06-10,120.8309
2020-06-17,121.1861
2020-06-24,122.8195
2020-07-01,139.6515
2020-07-08,147.5813
2020-07-15,148.8574
2020-07-22,149.2157
2020-07-29,149.4653
2020-08-05,149.2476
2020-08-12,148.8738
2020-08-19,148.3388
2020-08-26,148.5138
2020-09-02,149.343
2020-09-09,149.1155
2020-09-16,149.0063
2020-09-23,148.9103
2020-09-30,148.0841
2020-10-07,147.3007
2020-10-14,147.1322
2020-10-21,147.1508
2020-10-28,147.1558
2020-11-04,147.2062
2020-11-11,146.6459
2020-11-18,146.2988
2020-11-25,146.3132
2020-12-02,145.9342
2020-12-09,145.6512
2020-12-16,145.9078
2020-12-23,145.3448
2020-12-30,145.6349
2021-01-06,145.8332
2021-01-13,145.631
2021-01-20,145.7945
2021-01-27,145.5747
2021-02-03,145.1342
2021-02-10,144.5596
2021-02-17,144.2327
2021-02-24,143.8709
2021-03-03,142.7888
2021-03-10,142.0542
2021-03-17,142.359
2021-03-24,142.9597
2021-03-31,133.7087
2021-04-07,127.2094
2021-04-14,127.2427
2021-04-21,127.7567
2021-04-28,127.9732
2021-05-05,126.8872
2021-05-12,126.6623
2021-05-19,126.147
2021-05-26,126.3266
2021-06-02,124.522
2021-06-09,124.3867
2021-06-16,124.8494
2021-06-23,125.6887
2021-06-30,117.2944
2021-07-07,112.9772
2021-07-14,113.8127
2021-07-21,113.8537
2021-07-28,114.2849
2021-08-04,112.9334
2021-08-11,112.5638
2021-08-18,112.1481
2021-08-25,112.3862
2021-09-01,111.9468
2021-09-08,111.4165
2021-09-15,111.4836
2021-09-22,111.6367
2021-09-29,111.2553
2021-10-06,105.8831
2021-10-13,105.7737
2021-10-20,105.6007
2021-10-27,105.7016
2021-11-03,105.3223
2021-11-10,105.352
2021-11-17,105.385
2021-11-24,105.1722
2021-12-01,104.8334
2021-12-08,104.6497
2021-12-15,104.9604
2021-12-22,104.5421
2021-12-29,104.6754
2022-01-05,101.1426
2022-01-12,100.9567
2022-01-19,101.0514
2022-01-26,100.8695
2022-02-02,100.5701
2022-02-09,100.2841
2022-02-16,100.2226
2022-02-23,100.0867
2022-03-02,99.5289
2022-03-09,99.2017
2022-03-16,99.4241
2022-03-23,99.8327
2022-03-30,100.9761
2022-04-06,98.3215
2022-04-13,98.0162
2022-04-20,98.4822
2022-04-27,98.5976
2022-05-04,98.6074
2022-05-11,98.2578
2022-05-18,98.0144
2022-05-25,98.046
2022-06-01,97.8366
2022-06-08,97.7316
2022-06-15,98.1549
2022-06-22,98.7188
2022-06-29,99.3024
2022-07-06,100.625
2022-07-13,101.3456
2022-07-20,101.5571
2022-07-27,101.8556
2022-08-03,101.5592
2022-08-10,101.1533
2022-08-17,100.927
2022-08-24,100.8257
2022-08-31,100.4151
2022-09-07,100.7559
2022-09-14,100.8113
2022-09-21,100.943
2022-09-28,100.9325
2022-10-05,104.6497
2022-10-12,105.1999
2022-10-19,105.0357
2022-10-26,105.1273
2022-11-02,105.1305
2022-11-09,104.9685
2022-11-16,104.856
2022-11-23,104.8792
2022-11-30,104.7421
2022-12-07,105.4522
2022-12-14,105.7491
2022-12-21,105.7354
2022-12-28,106.5973
2023-01-04,110.205
2023-01-11,110.9924
2023-01-18,111.2089
2023-01-25,110.7035
2023-02-01,109.9957
2023-02-08,109.4208
